{"cameraMode":{"drawMode":0,"name":"Shaded","section":"Shading Mode"},"sceneLighting":true,"audioPlay":false,"sceneViewState":{"showFog":true,"showMaterialUpdate":false,"showSkybox":true,"showFlares":true,"showImageEffects":true,"showParticleSystems":true},"in2DMode":false,"pivot":{"x":-23.920000076293947,"y":1.2100000381469727,"z":26.100000381469728},"rotation":{"x":0.1529737263917923,"y":0.8470242023468018,"z":-0.3610151708126068,"w":0.35891109704971316},"size":18.035167694091798,"orthographic":false}