{"cameraMode":{"drawMode":0,"name":"Shaded","section":"Shading Mode"},"sceneLighting":true,"audioPlay":false,"sceneViewState":{"showFog":true,"showMaterialUpdate":false,"showSkybox":true,"showFlares":true,"showImageEffects":true,"showParticleSystems":true},"in2DMode":false,"pivot":{"x":-1.5638731718063355,"y":1.592702865600586,"z":0.7582329511642456},"rotation":{"x":0.3920138478279114,"y":0.017938442528247834,"z":-0.007645529229193926,"w":0.9197526574134827},"size":8.241613388061524,"orthographic":false}